Fila,UPZ_Original,Zona_Original,Zona_Correcta,Error
1,51 - LOS LIBERTADORES,Zona 4,"Zona 5, Zona 7","CONFLICTO: Zona 'Zona 4' no corresponde a UPZ '51 - LOS LIBERTADORES'. Zonas correctas: Zona 5, Zona 7"
23,33 - SOSIEGO,Zona 5,Zona 6,CONFLICTO: Zona 'Zona 5' no corresponde a UPZ '33 - SOSIEGO'. Zonas correctas: Zona 6
33,34 - 20 DE JULIO,Zona 3,Zona 4,CONFLICTO: Zona 'Zona 3' no corresponde a UPZ '34 - 20 DE JULIO'. Zonas correctas: Zona 4
36,50 - LA GLORIA,Zona 7,"Zona 3, Zona 8","CONFLICTO: Zona 'Zona 7' no corresponde a UPZ '50 - LA GLORIA'. Zonas correctas: Zona 3, Zona 8"
41,50 - LA GLORIA,Zona 7,"Zona 3, Zona 8","CONFLICTO: Zona 'Zona 7' no corresponde a UPZ '50 - LA GLORIA'. Zonas correctas: Zona 3, Zona 8"
47,33 - SOSIEGO,Zona 3,Zona 6,CONFLICTO: Zona 'Zona 3' no corresponde a UPZ '33 - SOSIEGO'. Zonas correctas: Zona 6
51,33 - SOSIEGO,Zona 1,Zona 6,CONFLICTO: Zona 'Zona 1' no corresponde a UPZ '33 - SOSIEGO'. Zonas correctas: Zona 6
53,51 - LOS LIBERTADORES,Zona 2,"Zona 5, Zona 7","CONFLICTO: Zona 'Zona 2' no corresponde a UPZ '51 - LOS LIBERTADORES'. Zonas correctas: Zona 5, Zona 7"
63,33 - SOSIEGO,Zona 4,Zona 6,CONFLICTO: Zona 'Zona 4' no corresponde a UPZ '33 - SOSIEGO'. Zonas correctas: Zona 6
64,32 - SAN BLAS,Zona 4,"Zona 1, Zona 2","CONFLICTO: Zona 'Zona 4' no corresponde a UPZ '32 - SAN BLAS'. Zonas correctas: Zona 1, Zona 2"
66,34 - 20 DE JULIO,Zona 1,Zona 4,CONFLICTO: Zona 'Zona 1' no corresponde a UPZ '34 - 20 DE JULIO'. Zonas correctas: Zona 4
112,33 - SOSIEGO,Zona 4,Zona 6,CONFLICTO: Zona 'Zona 4' no corresponde a UPZ '33 - SOSIEGO'. Zonas correctas: Zona 6
113,51 - LOS LIBERTADORES,Zona 6,"Zona 5, Zona 7","CONFLICTO: Zona 'Zona 6' no corresponde a UPZ '51 - LOS LIBERTADORES'. Zonas correctas: Zona 5, Zona 7"
114,50 - LA GLORIA,Zona 4,"Zona 3, Zona 8","CONFLICTO: Zona 'Zona 4' no corresponde a UPZ '50 - LA GLORIA'. Zonas correctas: Zona 3, Zona 8"
122,33 - SOSIEGO,Zona 1,Zona 6,CONFLICTO: Zona 'Zona 1' no corresponde a UPZ '33 - SOSIEGO'. Zonas correctas: Zona 6
124,34 - 20 DE JULIO,Zona 2,Zona 4,CONFLICTO: Zona 'Zona 2' no corresponde a UPZ '34 - 20 DE JULIO'. Zonas correctas: Zona 4
127,50 - LA GLORIA,Zona 5,"Zona 3, Zona 8","CONFLICTO: Zona 'Zona 5' no corresponde a UPZ '50 - LA GLORIA'. Zonas correctas: Zona 3, Zona 8"
129,34 - 20 DE JULIO,Zona 2,Zona 4,CONFLICTO: Zona 'Zona 2' no corresponde a UPZ '34 - 20 DE JULIO'. Zonas correctas: Zona 4
131,33 - SOSIEGO,Zona 4,Zona 6,CONFLICTO: Zona 'Zona 4' no corresponde a UPZ '33 - SOSIEGO'. Zonas correctas: Zona 6
134,34 - 20 DE JULIO,Zona 2,Zona 4,CONFLICTO: Zona 'Zona 2' no corresponde a UPZ '34 - 20 DE JULIO'. Zonas correctas: Zona 4
143,50 - LA GLORIA,Zona 5,"Zona 3, Zona 8","CONFLICTO: Zona 'Zona 5' no corresponde a UPZ '50 - LA GLORIA'. Zonas correctas: Zona 3, Zona 8"
144,50 - LA GLORIA,Zona 5,"Zona 3, Zona 8","CONFLICTO: Zona 'Zona 5' no corresponde a UPZ '50 - LA GLORIA'. Zonas correctas: Zona 3, Zona 8"
146,51 - LOS LIBERTADORES,Zona 3,"Zona 5, Zona 7","CONFLICTO: Zona 'Zona 3' no corresponde a UPZ '51 - LOS LIBERTADORES'. Zonas correctas: Zona 5, Zona 7"
151,50 - LA GLORIA,Zona 4,"Zona 3, Zona 8","CONFLICTO: Zona 'Zona 4' no corresponde a UPZ '50 - LA GLORIA'. Zonas correctas: Zona 3, Zona 8"
164,50 - LA GLORIA,Zona 2,"Zona 3, Zona 8","CONFLICTO: Zona 'Zona 2' no corresponde a UPZ '50 - LA GLORIA'. Zonas correctas: Zona 3, Zona 8"
180,32 - SAN BLAS,Zona 3,"Zona 1, Zona 2","CONFLICTO: Zona 'Zona 3' no corresponde a UPZ '32 - SAN BLAS'. Zonas correctas: Zona 1, Zona 2"
181,50 - LA GLORIA,Zona 1,"Zona 3, Zona 8","CONFLICTO: Zona 'Zona 1' no corresponde a UPZ '50 - LA GLORIA'. Zonas correctas: Zona 3, Zona 8"
182,51 - LOS LIBERTADORES,Zona 2,"Zona 5, Zona 7","CONFLICTO: Zona 'Zona 2' no corresponde a UPZ '51 - LOS LIBERTADORES'. Zonas correctas: Zona 5, Zona 7"
188,32 - SAN BLAS,Zona 5,"Zona 1, Zona 2","CONFLICTO: Zona 'Zona 5' no corresponde a UPZ '32 - SAN BLAS'. Zonas correctas: Zona 1, Zona 2"
199,32 - SAN BLAS,Zona 3,"Zona 1, Zona 2","CONFLICTO: Zona 'Zona 3' no corresponde a UPZ '32 - SAN BLAS'. Zonas correctas: Zona 1, Zona 2"
201,50 - LA GLORIA,Zona 2,"Zona 3, Zona 8","CONFLICTO: Zona 'Zona 2' no corresponde a UPZ '50 - LA GLORIA'. Zonas correctas: Zona 3, Zona 8"
215,50 - LA GLORIA,Zona 6,"Zona 3, Zona 8","CONFLICTO: Zona 'Zona 6' no corresponde a UPZ '50 - LA GLORIA'. Zonas correctas: Zona 3, Zona 8"
217,33 - SOSIEGO,Zona 4,Zona 6,CONFLICTO: Zona 'Zona 4' no corresponde a UPZ '33 - SOSIEGO'. Zonas correctas: Zona 6
218,32 - SAN BLAS,Zona 4,"Zona 1, Zona 2","CONFLICTO: Zona 'Zona 4' no corresponde a UPZ '32 - SAN BLAS'. Zonas correctas: Zona 1, Zona 2"
222,32 - SAN BLAS,Zona 4,"Zona 1, Zona 2","CONFLICTO: Zona 'Zona 4' no corresponde a UPZ '32 - SAN BLAS'. Zonas correctas: Zona 1, Zona 2"
239,34 - 20 DE JULIO,Zona 2,Zona 4,CONFLICTO: Zona 'Zona 2' no corresponde a UPZ '34 - 20 DE JULIO'. Zonas correctas: Zona 4
248,33 - SOSIEGO,Zona 2,Zona 6,CONFLICTO: Zona 'Zona 2' no corresponde a UPZ '33 - SOSIEGO'. Zonas correctas: Zona 6
249,33 - SOSIEGO,Zona 2,Zona 6,CONFLICTO: Zona 'Zona 2' no corresponde a UPZ '33 - SOSIEGO'. Zonas correctas: Zona 6
252,50 - LA GLORIA,Zona 7,"Zona 3, Zona 8","CONFLICTO: Zona 'Zona 7' no corresponde a UPZ '50 - LA GLORIA'. Zonas correctas: Zona 3, Zona 8"
257,33 - SOSIEGO,Zona 5,Zona 6,CONFLICTO: Zona 'Zona 5' no corresponde a UPZ '33 - SOSIEGO'. Zonas correctas: Zona 6
261,33 - SOSIEGO,Zona 2,Zona 6,CONFLICTO: Zona 'Zona 2' no corresponde a UPZ '33 - SOSIEGO'. Zonas correctas: Zona 6
271,50 - LA GLORIA,Zona 4,"Zona 3, Zona 8","CONFLICTO: Zona 'Zona 4' no corresponde a UPZ '50 - LA GLORIA'. Zonas correctas: Zona 3, Zona 8"
279,50 - LA GLORIA,Zona 5,"Zona 3, Zona 8","CONFLICTO: Zona 'Zona 5' no corresponde a UPZ '50 - LA GLORIA'. Zonas correctas: Zona 3, Zona 8"
283,32 - SAN BLAS,Zona 4,"Zona 1, Zona 2","CONFLICTO: Zona 'Zona 4' no corresponde a UPZ '32 - SAN BLAS'. Zonas correctas: Zona 1, Zona 2"
290,34 - 20 DE JULIO,Zona 2,Zona 4,CONFLICTO: Zona 'Zona 2' no corresponde a UPZ '34 - 20 DE JULIO'. Zonas correctas: Zona 4
292,50 - LA GLORIA,Zona 2,"Zona 3, Zona 8","CONFLICTO: Zona 'Zona 2' no corresponde a UPZ '50 - LA GLORIA'. Zonas correctas: Zona 3, Zona 8"
293,50 - LA GLORIA,Zona 4,"Zona 3, Zona 8","CONFLICTO: Zona 'Zona 4' no corresponde a UPZ '50 - LA GLORIA'. Zonas correctas: Zona 3, Zona 8"
306,34 - 20 DE JULIO,Zona 8,Zona 4,CONFLICTO: Zona 'Zona 8' no corresponde a UPZ '34 - 20 DE JULIO'. Zonas correctas: Zona 4
308,50 - LA GLORIA,Zona 5,"Zona 3, Zona 8","CONFLICTO: Zona 'Zona 5' no corresponde a UPZ '50 - LA GLORIA'. Zonas correctas: Zona 3, Zona 8"
319,32 - SAN BLAS,Zona 4,"Zona 1, Zona 2","CONFLICTO: Zona 'Zona 4' no corresponde a UPZ '32 - SAN BLAS'. Zonas correctas: Zona 1, Zona 2"
320,50 - LA GLORIA,Zona 5,"Zona 3, Zona 8","CONFLICTO: Zona 'Zona 5' no corresponde a UPZ '50 - LA GLORIA'. Zonas correctas: Zona 3, Zona 8"
324,33 - SOSIEGO,Zona 2,Zona 6,CONFLICTO: Zona 'Zona 2' no corresponde a UPZ '33 - SOSIEGO'. Zonas correctas: Zona 6
325,50 - LA GLORIA,Zona 5,"Zona 3, Zona 8","CONFLICTO: Zona 'Zona 5' no corresponde a UPZ '50 - LA GLORIA'. Zonas correctas: Zona 3, Zona 8"
327,32 - SAN BLAS,Zona 4,"Zona 1, Zona 2","CONFLICTO: Zona 'Zona 4' no corresponde a UPZ '32 - SAN BLAS'. Zonas correctas: Zona 1, Zona 2"
330,51 - LOS LIBERTADORES,Zona 4,"Zona 5, Zona 7","CONFLICTO: Zona 'Zona 4' no corresponde a UPZ '51 - LOS LIBERTADORES'. Zonas correctas: Zona 5, Zona 7"
331,33 - SOSIEGO,Zona 2,Zona 6,CONFLICTO: Zona 'Zona 2' no corresponde a UPZ '33 - SOSIEGO'. Zonas correctas: Zona 6
332,33 - SOSIEGO,Zona 2,Zona 6,CONFLICTO: Zona 'Zona 2' no corresponde a UPZ '33 - SOSIEGO'. Zonas correctas: Zona 6
334,50 - LA GLORIA,Zona 5,"Zona 3, Zona 8","CONFLICTO: Zona 'Zona 5' no corresponde a UPZ '50 - LA GLORIA'. Zonas correctas: Zona 3, Zona 8"
335,34 - 20 DE JULIO,Zona 2,Zona 4,CONFLICTO: Zona 'Zona 2' no corresponde a UPZ '34 - 20 DE JULIO'. Zonas correctas: Zona 4
336,51 - LOS LIBERTADORES,Zona 4,"Zona 5, Zona 7","CONFLICTO: Zona 'Zona 4' no corresponde a UPZ '51 - LOS LIBERTADORES'. Zonas correctas: Zona 5, Zona 7"
337,33 - SOSIEGO,Zona 2,Zona 6,CONFLICTO: Zona 'Zona 2' no corresponde a UPZ '33 - SOSIEGO'. Zonas correctas: Zona 6
340,51 - LOS LIBERTADORES,Zona 4,"Zona 5, Zona 7","CONFLICTO: Zona 'Zona 4' no corresponde a UPZ '51 - LOS LIBERTADORES'. Zonas correctas: Zona 5, Zona 7"
345,33 - SOSIEGO,Zona 2,Zona 6,CONFLICTO: Zona 'Zona 2' no corresponde a UPZ '33 - SOSIEGO'. Zonas correctas: Zona 6
347,33 - SOSIEGO,Zona 4,Zona 6,CONFLICTO: Zona 'Zona 4' no corresponde a UPZ '33 - SOSIEGO'. Zonas correctas: Zona 6
353,32 - SAN BLAS,Zona 4,"Zona 1, Zona 2","CONFLICTO: Zona 'Zona 4' no corresponde a UPZ '32 - SAN BLAS'. Zonas correctas: Zona 1, Zona 2"
356,33 - SOSIEGO,Zona 2,Zona 6,CONFLICTO: Zona 'Zona 2' no corresponde a UPZ '33 - SOSIEGO'. Zonas correctas: Zona 6
358,33 - SOSIEGO,Zona 2,Zona 6,CONFLICTO: Zona 'Zona 2' no corresponde a UPZ '33 - SOSIEGO'. Zonas correctas: Zona 6
359,33 - SOSIEGO,Zona 2,Zona 6,CONFLICTO: Zona 'Zona 2' no corresponde a UPZ '33 - SOSIEGO'. Zonas correctas: Zona 6
360,33 - SOSIEGO,Zona 2,Zona 6,CONFLICTO: Zona 'Zona 2' no corresponde a UPZ '33 - SOSIEGO'. Zonas correctas: Zona 6
368,32 - SAN BLAS,Zona 6,"Zona 1, Zona 2","CONFLICTO: Zona 'Zona 6' no corresponde a UPZ '32 - SAN BLAS'. Zonas correctas: Zona 1, Zona 2"
369,32 - SAN BLAS,Zona 6,"Zona 1, Zona 2","CONFLICTO: Zona 'Zona 6' no corresponde a UPZ '32 - SAN BLAS'. Zonas correctas: Zona 1, Zona 2"
371,32 - SAN BLAS,Zona 5,"Zona 1, Zona 2","CONFLICTO: Zona 'Zona 5' no corresponde a UPZ '32 - SAN BLAS'. Zonas correctas: Zona 1, Zona 2"
372,32 - SAN BLAS,Zona 5,"Zona 1, Zona 2","CONFLICTO: Zona 'Zona 5' no corresponde a UPZ '32 - SAN BLAS'. Zonas correctas: Zona 1, Zona 2"
374,33 - SOSIEGO,Zona 2,Zona 6,CONFLICTO: Zona 'Zona 2' no corresponde a UPZ '33 - SOSIEGO'. Zonas correctas: Zona 6
375,33 - SOSIEGO,Zona 2,Zona 6,CONFLICTO: Zona 'Zona 2' no corresponde a UPZ '33 - SOSIEGO'. Zonas correctas: Zona 6
376,33 - SOSIEGO,Zona 1,Zona 6,CONFLICTO: Zona 'Zona 1' no corresponde a UPZ '33 - SOSIEGO'. Zonas correctas: Zona 6
377,33 - SOSIEGO,Zona 2,Zona 6,CONFLICTO: Zona 'Zona 2' no corresponde a UPZ '33 - SOSIEGO'. Zonas correctas: Zona 6
378,33 - SOSIEGO,Zona 2,Zona 6,CONFLICTO: Zona 'Zona 2' no corresponde a UPZ '33 - SOSIEGO'. Zonas correctas: Zona 6
379,33 - SOSIEGO,Zona 1,Zona 6,CONFLICTO: Zona 'Zona 1' no corresponde a UPZ '33 - SOSIEGO'. Zonas correctas: Zona 6
380,34 - 20 DE JULIO,Zona 6,Zona 4,CONFLICTO: Zona 'Zona 6' no corresponde a UPZ '34 - 20 DE JULIO'. Zonas correctas: Zona 4
382,33 - SOSIEGO,Zona 2,Zona 6,CONFLICTO: Zona 'Zona 2' no corresponde a UPZ '33 - SOSIEGO'. Zonas correctas: Zona 6
388,32 - SAN BLAS,Zona 4,"Zona 1, Zona 2","CONFLICTO: Zona 'Zona 4' no corresponde a UPZ '32 - SAN BLAS'. Zonas correctas: Zona 1, Zona 2"
391,34 - 20 DE JULIO,Zona 1,Zona 4,CONFLICTO: Zona 'Zona 1' no corresponde a UPZ '34 - 20 DE JULIO'. Zonas correctas: Zona 4
393,51 - LOS LIBERTADORES,Zona 8,"Zona 5, Zona 7","CONFLICTO: Zona 'Zona 8' no corresponde a UPZ '51 - LOS LIBERTADORES'. Zonas correctas: Zona 5, Zona 7"
396,33 - SOSIEGO,Zona 2,Zona 6,CONFLICTO: Zona 'Zona 2' no corresponde a UPZ '33 - SOSIEGO'. Zonas correctas: Zona 6
399,34 - 20 DE JULIO,Zona 1,Zona 4,CONFLICTO: Zona 'Zona 1' no corresponde a UPZ '34 - 20 DE JULIO'. Zonas correctas: Zona 4
408,32 - SAN BLAS,Zona 4,"Zona 1, Zona 2","CONFLICTO: Zona 'Zona 4' no corresponde a UPZ '32 - SAN BLAS'. Zonas correctas: Zona 1, Zona 2"
414,33 - SOSIEGO,Zona 4,Zona 6,CONFLICTO: Zona 'Zona 4' no corresponde a UPZ '33 - SOSIEGO'. Zonas correctas: Zona 6
415,33 - SOSIEGO,Zona 2,Zona 6,CONFLICTO: Zona 'Zona 2' no corresponde a UPZ '33 - SOSIEGO'. Zonas correctas: Zona 6
423,33 - SOSIEGO,Zona 1,Zona 6,CONFLICTO: Zona 'Zona 1' no corresponde a UPZ '33 - SOSIEGO'. Zonas correctas: Zona 6
424,34 - 20 DE JULIO,Zona 3,Zona 4,CONFLICTO: Zona 'Zona 3' no corresponde a UPZ '34 - 20 DE JULIO'. Zonas correctas: Zona 4
426,33 - SOSIEGO,Zona 4,Zona 6,CONFLICTO: Zona 'Zona 4' no corresponde a UPZ '33 - SOSIEGO'. Zonas correctas: Zona 6
428,34 - 20 DE JULIO,Zona 3,Zona 4,CONFLICTO: Zona 'Zona 3' no corresponde a UPZ '34 - 20 DE JULIO'. Zonas correctas: Zona 4
429,50 - LA GLORIA,Zona 2,"Zona 3, Zona 8","CONFLICTO: Zona 'Zona 2' no corresponde a UPZ '50 - LA GLORIA'. Zonas correctas: Zona 3, Zona 8"
430,33 - SOSIEGO,Zona 4,Zona 6,CONFLICTO: Zona 'Zona 4' no corresponde a UPZ '33 - SOSIEGO'. Zonas correctas: Zona 6
431,50 - LA GLORIA,Zona 7,"Zona 3, Zona 8","CONFLICTO: Zona 'Zona 7' no corresponde a UPZ '50 - LA GLORIA'. Zonas correctas: Zona 3, Zona 8"
432,33 - SOSIEGO,Zona 2,Zona 6,CONFLICTO: Zona 'Zona 2' no corresponde a UPZ '33 - SOSIEGO'. Zonas correctas: Zona 6
436,32 - SAN BLAS,Zona 4,"Zona 1, Zona 2","CONFLICTO: Zona 'Zona 4' no corresponde a UPZ '32 - SAN BLAS'. Zonas correctas: Zona 1, Zona 2"
438,32 - SAN BLAS,Zona 3,"Zona 1, Zona 2","CONFLICTO: Zona 'Zona 3' no corresponde a UPZ '32 - SAN BLAS'. Zonas correctas: Zona 1, Zona 2"
442,33 - SOSIEGO,Zona 4,Zona 6,CONFLICTO: Zona 'Zona 4' no corresponde a UPZ '33 - SOSIEGO'. Zonas correctas: Zona 6
443,33 - SOSIEGO,Zona 4,Zona 6,CONFLICTO: Zona 'Zona 4' no corresponde a UPZ '33 - SOSIEGO'. Zonas correctas: Zona 6
448,50 - LA GLORIA,Zona 5,"Zona 3, Zona 8","CONFLICTO: Zona 'Zona 5' no corresponde a UPZ '50 - LA GLORIA'. Zonas correctas: Zona 3, Zona 8"
449,50 - LA GLORIA,Zona 4,"Zona 3, Zona 8","CONFLICTO: Zona 'Zona 4' no corresponde a UPZ '50 - LA GLORIA'. Zonas correctas: Zona 3, Zona 8"
450,50 - LA GLORIA,Zona 4,"Zona 3, Zona 8","CONFLICTO: Zona 'Zona 4' no corresponde a UPZ '50 - LA GLORIA'. Zonas correctas: Zona 3, Zona 8"
453,50 - LA GLORIA,Zona 4,"Zona 3, Zona 8","CONFLICTO: Zona 'Zona 4' no corresponde a UPZ '50 - LA GLORIA'. Zonas correctas: Zona 3, Zona 8"
454,32 - SAN BLAS,Zona 5,"Zona 1, Zona 2","CONFLICTO: Zona 'Zona 5' no corresponde a UPZ '32 - SAN BLAS'. Zonas correctas: Zona 1, Zona 2"
457,51 - LOS LIBERTADORES,Zona 3,"Zona 5, Zona 7","CONFLICTO: Zona 'Zona 3' no corresponde a UPZ '51 - LOS LIBERTADORES'. Zonas correctas: Zona 5, Zona 7"
461,34 - 20 DE JULIO,Zona 3,Zona 4,CONFLICTO: Zona 'Zona 3' no corresponde a UPZ '34 - 20 DE JULIO'. Zonas correctas: Zona 4
465,34 - 20 DE JULIO,Zona 6,Zona 4,CONFLICTO: Zona 'Zona 6' no corresponde a UPZ '34 - 20 DE JULIO'. Zonas correctas: Zona 4
497,51 - LOS LIBERTADORES,Zona 2,"Zona 5, Zona 7","CONFLICTO: Zona 'Zona 2' no corresponde a UPZ '51 - LOS LIBERTADORES'. Zonas correctas: Zona 5, Zona 7"
503,34 - 20 DE JULIO,Zona 3,Zona 4,CONFLICTO: Zona 'Zona 3' no corresponde a UPZ '34 - 20 DE JULIO'. Zonas correctas: Zona 4
505,50 - LA GLORIA,Zona 7,"Zona 3, Zona 8","CONFLICTO: Zona 'Zona 7' no corresponde a UPZ '50 - LA GLORIA'. Zonas correctas: Zona 3, Zona 8"
508,50 - LA GLORIA,Zona 5,"Zona 3, Zona 8","CONFLICTO: Zona 'Zona 5' no corresponde a UPZ '50 - LA GLORIA'. Zonas correctas: Zona 3, Zona 8"
509,33 - SOSIEGO,Zona 3,Zona 6,CONFLICTO: Zona 'Zona 3' no corresponde a UPZ '33 - SOSIEGO'. Zonas correctas: Zona 6
522,33 - SOSIEGO,Zona 4,Zona 6,CONFLICTO: Zona 'Zona 4' no corresponde a UPZ '33 - SOSIEGO'. Zonas correctas: Zona 6
525,50 - LA GLORIA,Zona 7,"Zona 3, Zona 8","CONFLICTO: Zona 'Zona 7' no corresponde a UPZ '50 - LA GLORIA'. Zonas correctas: Zona 3, Zona 8"
527,32 - SAN BLAS,Zona 6,"Zona 1, Zona 2","CONFLICTO: Zona 'Zona 6' no corresponde a UPZ '32 - SAN BLAS'. Zonas correctas: Zona 1, Zona 2"
531,50 - LA GLORIA,Zona 7,"Zona 3, Zona 8","CONFLICTO: Zona 'Zona 7' no corresponde a UPZ '50 - LA GLORIA'. Zonas correctas: Zona 3, Zona 8"
535,32 - SAN BLAS,Zona 4,"Zona 1, Zona 2","CONFLICTO: Zona 'Zona 4' no corresponde a UPZ '32 - SAN BLAS'. Zonas correctas: Zona 1, Zona 2"
537,50 - LA GLORIA,Zona 7,"Zona 3, Zona 8","CONFLICTO: Zona 'Zona 7' no corresponde a UPZ '50 - LA GLORIA'. Zonas correctas: Zona 3, Zona 8"
547,32 - SAN BLAS,Zona 6,"Zona 1, Zona 2","CONFLICTO: Zona 'Zona 6' no corresponde a UPZ '32 - SAN BLAS'. Zonas correctas: Zona 1, Zona 2"
549,32 - SAN BLAS,Zona 4,"Zona 1, Zona 2","CONFLICTO: Zona 'Zona 4' no corresponde a UPZ '32 - SAN BLAS'. Zonas correctas: Zona 1, Zona 2"
552,50 - LA GLORIA,Zona 1,"Zona 3, Zona 8","CONFLICTO: Zona 'Zona 1' no corresponde a UPZ '50 - LA GLORIA'. Zonas correctas: Zona 3, Zona 8"
554,51 - LOS LIBERTADORES,Zona 3,"Zona 5, Zona 7","CONFLICTO: Zona 'Zona 3' no corresponde a UPZ '51 - LOS LIBERTADORES'. Zonas correctas: Zona 5, Zona 7"
555,51 - LOS LIBERTADORES,Zona 3,"Zona 5, Zona 7","CONFLICTO: Zona 'Zona 3' no corresponde a UPZ '51 - LOS LIBERTADORES'. Zonas correctas: Zona 5, Zona 7"
558,32 - SAN BLAS,Zona 4,"Zona 1, Zona 2","CONFLICTO: Zona 'Zona 4' no corresponde a UPZ '32 - SAN BLAS'. Zonas correctas: Zona 1, Zona 2"
570,50 - LA GLORIA,Zona 7,"Zona 3, Zona 8","CONFLICTO: Zona 'Zona 7' no corresponde a UPZ '50 - LA GLORIA'. Zonas correctas: Zona 3, Zona 8"
574,32 - SAN BLAS,Zona 4,"Zona 1, Zona 2","CONFLICTO: Zona 'Zona 4' no corresponde a UPZ '32 - SAN BLAS'. Zonas correctas: Zona 1, Zona 2"
576,32 - SAN BLAS,Zona 6,"Zona 1, Zona 2","CONFLICTO: Zona 'Zona 6' no corresponde a UPZ '32 - SAN BLAS'. Zonas correctas: Zona 1, Zona 2"
579,32 - SAN BLAS,Zona 4,"Zona 1, Zona 2","CONFLICTO: Zona 'Zona 4' no corresponde a UPZ '32 - SAN BLAS'. Zonas correctas: Zona 1, Zona 2"
584,51 - LOS LIBERTADORES,Zona 3,"Zona 5, Zona 7","CONFLICTO: Zona 'Zona 3' no corresponde a UPZ '51 - LOS LIBERTADORES'. Zonas correctas: Zona 5, Zona 7"
587,32 - SAN BLAS,Zona 6,"Zona 1, Zona 2","CONFLICTO: Zona 'Zona 6' no corresponde a UPZ '32 - SAN BLAS'. Zonas correctas: Zona 1, Zona 2"
588,51 - LOS LIBERTADORES,Zona 3,"Zona 5, Zona 7","CONFLICTO: Zona 'Zona 3' no corresponde a UPZ '51 - LOS LIBERTADORES'. Zonas correctas: Zona 5, Zona 7"
589,51 - LOS LIBERTADORES,Zona 3,"Zona 5, Zona 7","CONFLICTO: Zona 'Zona 3' no corresponde a UPZ '51 - LOS LIBERTADORES'. Zonas correctas: Zona 5, Zona 7"
604,50 - LA GLORIA,Zona 7,"Zona 3, Zona 8","CONFLICTO: Zona 'Zona 7' no corresponde a UPZ '50 - LA GLORIA'. Zonas correctas: Zona 3, Zona 8"
607,32 - SAN BLAS,Zona 6,"Zona 1, Zona 2","CONFLICTO: Zona 'Zona 6' no corresponde a UPZ '32 - SAN BLAS'. Zonas correctas: Zona 1, Zona 2"
609,51 - LOS LIBERTADORES,Zona 3,"Zona 5, Zona 7","CONFLICTO: Zona 'Zona 3' no corresponde a UPZ '51 - LOS LIBERTADORES'. Zonas correctas: Zona 5, Zona 7"
610,32 - SAN BLAS,Zona 6,"Zona 1, Zona 2","CONFLICTO: Zona 'Zona 6' no corresponde a UPZ '32 - SAN BLAS'. Zonas correctas: Zona 1, Zona 2"
616,32 - SAN BLAS,Zona 4,"Zona 1, Zona 2","CONFLICTO: Zona 'Zona 4' no corresponde a UPZ '32 - SAN BLAS'. Zonas correctas: Zona 1, Zona 2"
629,32 - SAN BLAS,Zona 4,"Zona 1, Zona 2","CONFLICTO: Zona 'Zona 4' no corresponde a UPZ '32 - SAN BLAS'. Zonas correctas: Zona 1, Zona 2"
633,50 - LA GLORIA,Zona 7,"Zona 3, Zona 8","CONFLICTO: Zona 'Zona 7' no corresponde a UPZ '50 - LA GLORIA'. Zonas correctas: Zona 3, Zona 8"
636,32 - SAN BLAS,Zona 6,"Zona 1, Zona 2","CONFLICTO: Zona 'Zona 6' no corresponde a UPZ '32 - SAN BLAS'. Zonas correctas: Zona 1, Zona 2"
637,51 - LOS LIBERTADORES,Zona 3,"Zona 5, Zona 7","CONFLICTO: Zona 'Zona 3' no corresponde a UPZ '51 - LOS LIBERTADORES'. Zonas correctas: Zona 5, Zona 7"
640,32 - SAN BLAS,Zona 6,"Zona 1, Zona 2","CONFLICTO: Zona 'Zona 6' no corresponde a UPZ '32 - SAN BLAS'. Zonas correctas: Zona 1, Zona 2"
644,32 - SAN BLAS,Zona 4,"Zona 1, Zona 2","CONFLICTO: Zona 'Zona 4' no corresponde a UPZ '32 - SAN BLAS'. Zonas correctas: Zona 1, Zona 2"
653,51 - LOS LIBERTADORES,Zona 3,"Zona 5, Zona 7","CONFLICTO: Zona 'Zona 3' no corresponde a UPZ '51 - LOS LIBERTADORES'. Zonas correctas: Zona 5, Zona 7"
662,33 - SOSIEGO,Zona 4,Zona 6,CONFLICTO: Zona 'Zona 4' no corresponde a UPZ '33 - SOSIEGO'. Zonas correctas: Zona 6
666,32 - SAN BLAS,Zona 4,"Zona 1, Zona 2","CONFLICTO: Zona 'Zona 4' no corresponde a UPZ '32 - SAN BLAS'. Zonas correctas: Zona 1, Zona 2"
669,50 - LA GLORIA,Zona 7,"Zona 3, Zona 8","CONFLICTO: Zona 'Zona 7' no corresponde a UPZ '50 - LA GLORIA'. Zonas correctas: Zona 3, Zona 8"
670,32 - SAN BLAS,Zona 6,"Zona 1, Zona 2","CONFLICTO: Zona 'Zona 6' no corresponde a UPZ '32 - SAN BLAS'. Zonas correctas: Zona 1, Zona 2"
672,51 - LOS LIBERTADORES,Zona 3,"Zona 5, Zona 7","CONFLICTO: Zona 'Zona 3' no corresponde a UPZ '51 - LOS LIBERTADORES'. Zonas correctas: Zona 5, Zona 7"
675,32 - SAN BLAS,Zona 4,"Zona 1, Zona 2","CONFLICTO: Zona 'Zona 4' no corresponde a UPZ '32 - SAN BLAS'. Zonas correctas: Zona 1, Zona 2"
681,32 - SAN BLAS,Zona 4,"Zona 1, Zona 2","CONFLICTO: Zona 'Zona 4' no corresponde a UPZ '32 - SAN BLAS'. Zonas correctas: Zona 1, Zona 2"
693,33 - SOSIEGO,Zona 4,Zona 6,CONFLICTO: Zona 'Zona 4' no corresponde a UPZ '33 - SOSIEGO'. Zonas correctas: Zona 6
697,32 - SAN BLAS,Zona 4,"Zona 1, Zona 2","CONFLICTO: Zona 'Zona 4' no corresponde a UPZ '32 - SAN BLAS'. Zonas correctas: Zona 1, Zona 2"
700,50 - LA GLORIA,Zona 7,"Zona 3, Zona 8","CONFLICTO: Zona 'Zona 7' no corresponde a UPZ '50 - LA GLORIA'. Zonas correctas: Zona 3, Zona 8"
703,51 - LOS LIBERTADORES,Zona 3,"Zona 5, Zona 7","CONFLICTO: Zona 'Zona 3' no corresponde a UPZ '51 - LOS LIBERTADORES'. Zonas correctas: Zona 5, Zona 7"
709,32 - SAN BLAS,Zona 4,"Zona 1, Zona 2","CONFLICTO: Zona 'Zona 4' no corresponde a UPZ '32 - SAN BLAS'. Zonas correctas: Zona 1, Zona 2"
716,34 - 20 DE JULIO,Zona 8,Zona 4,CONFLICTO: Zona 'Zona 8' no corresponde a UPZ '34 - 20 DE JULIO'. Zonas correctas: Zona 4
717,32 - SAN BLAS,Zona 4,"Zona 1, Zona 2","CONFLICTO: Zona 'Zona 4' no corresponde a UPZ '32 - SAN BLAS'. Zonas correctas: Zona 1, Zona 2"
721,51 - LOS LIBERTADORES,Zona 3,"Zona 5, Zona 7","CONFLICTO: Zona 'Zona 3' no corresponde a UPZ '51 - LOS LIBERTADORES'. Zonas correctas: Zona 5, Zona 7"
722,51 - LOS LIBERTADORES,Zona 3,"Zona 5, Zona 7","CONFLICTO: Zona 'Zona 3' no corresponde a UPZ '51 - LOS LIBERTADORES'. Zonas correctas: Zona 5, Zona 7"
724,32 - SAN BLAS,Zona 4,"Zona 1, Zona 2","CONFLICTO: Zona 'Zona 4' no corresponde a UPZ '32 - SAN BLAS'. Zonas correctas: Zona 1, Zona 2"
735,33 - SOSIEGO,Zona 4,Zona 6,CONFLICTO: Zona 'Zona 4' no corresponde a UPZ '33 - SOSIEGO'. Zonas correctas: Zona 6
737,32 - SAN BLAS,Zona 4,"Zona 1, Zona 2","CONFLICTO: Zona 'Zona 4' no corresponde a UPZ '32 - SAN BLAS'. Zonas correctas: Zona 1, Zona 2"
743,50 - LA GLORIA,Zona 7,"Zona 3, Zona 8","CONFLICTO: Zona 'Zona 7' no corresponde a UPZ '50 - LA GLORIA'. Zonas correctas: Zona 3, Zona 8"
744,32 - SAN BLAS,Zona 6,"Zona 1, Zona 2","CONFLICTO: Zona 'Zona 6' no corresponde a UPZ '32 - SAN BLAS'. Zonas correctas: Zona 1, Zona 2"
748,51 - LOS LIBERTADORES,Zona 3,"Zona 5, Zona 7","CONFLICTO: Zona 'Zona 3' no corresponde a UPZ '51 - LOS LIBERTADORES'. Zonas correctas: Zona 5, Zona 7"
760,32 - SAN BLAS,Zona 4,"Zona 1, Zona 2","CONFLICTO: Zona 'Zona 4' no corresponde a UPZ '32 - SAN BLAS'. Zonas correctas: Zona 1, Zona 2"
764,51 - LOS LIBERTADORES,Zona 3,"Zona 5, Zona 7","CONFLICTO: Zona 'Zona 3' no corresponde a UPZ '51 - LOS LIBERTADORES'. Zonas correctas: Zona 5, Zona 7"
775,33 - SOSIEGO,Zona 4,Zona 6,CONFLICTO: Zona 'Zona 4' no corresponde a UPZ '33 - SOSIEGO'. Zonas correctas: Zona 6
779,32 - SAN BLAS,Zona 4,"Zona 1, Zona 2","CONFLICTO: Zona 'Zona 4' no corresponde a UPZ '32 - SAN BLAS'. Zonas correctas: Zona 1, Zona 2"
785,50 - LA GLORIA,Zona 7,"Zona 3, Zona 8","CONFLICTO: Zona 'Zona 7' no corresponde a UPZ '50 - LA GLORIA'. Zonas correctas: Zona 3, Zona 8"
786,32 - SAN BLAS,Zona 6,"Zona 1, Zona 2","CONFLICTO: Zona 'Zona 6' no corresponde a UPZ '32 - SAN BLAS'. Zonas correctas: Zona 1, Zona 2"
789,51 - LOS LIBERTADORES,Zona 3,"Zona 5, Zona 7","CONFLICTO: Zona 'Zona 3' no corresponde a UPZ '51 - LOS LIBERTADORES'. Zonas correctas: Zona 5, Zona 7"
790,34 - 20 DE JULIO,Zona 8,Zona 4,CONFLICTO: Zona 'Zona 8' no corresponde a UPZ '34 - 20 DE JULIO'. Zonas correctas: Zona 4
795,32 - SAN BLAS,Zona 4,"Zona 1, Zona 2","CONFLICTO: Zona 'Zona 4' no corresponde a UPZ '32 - SAN BLAS'. Zonas correctas: Zona 1, Zona 2"
802,32 - SAN BLAS,Zona 4,"Zona 1, Zona 2","CONFLICTO: Zona 'Zona 4' no corresponde a UPZ '32 - SAN BLAS'. Zonas correctas: Zona 1, Zona 2"
806,51 - LOS LIBERTADORES,Zona 3,"Zona 5, Zona 7","CONFLICTO: Zona 'Zona 3' no corresponde a UPZ '51 - LOS LIBERTADORES'. Zonas correctas: Zona 5, Zona 7"
808,32 - SAN BLAS,Zona 4,"Zona 1, Zona 2","CONFLICTO: Zona 'Zona 4' no corresponde a UPZ '32 - SAN BLAS'. Zonas correctas: Zona 1, Zona 2"
829,50 - LA GLORIA,Zona 2,"Zona 3, Zona 8","CONFLICTO: Zona 'Zona 2' no corresponde a UPZ '50 - LA GLORIA'. Zonas correctas: Zona 3, Zona 8"
830,50 - LA GLORIA,Zona 2,"Zona 3, Zona 8","CONFLICTO: Zona 'Zona 2' no corresponde a UPZ '50 - LA GLORIA'. Zonas correctas: Zona 3, Zona 8"
835,51 - LOS LIBERTADORES,Zona 3,"Zona 5, Zona 7","CONFLICTO: Zona 'Zona 3' no corresponde a UPZ '51 - LOS LIBERTADORES'. Zonas correctas: Zona 5, Zona 7"
854,51 - LOS LIBERTADORES,Zona 3,"Zona 5, Zona 7","CONFLICTO: Zona 'Zona 3' no corresponde a UPZ '51 - LOS LIBERTADORES'. Zonas correctas: Zona 5, Zona 7"
856,50 - LA GLORIA,Zona 2,"Zona 3, Zona 8","CONFLICTO: Zona 'Zona 2' no corresponde a UPZ '50 - LA GLORIA'. Zonas correctas: Zona 3, Zona 8"
878,33 - SOSIEGO,Zona 5,Zona 6,CONFLICTO: Zona 'Zona 5' no corresponde a UPZ '33 - SOSIEGO'. Zonas correctas: Zona 6
879,51 - LOS LIBERTADORES,Zona 3,"Zona 5, Zona 7","CONFLICTO: Zona 'Zona 3' no corresponde a UPZ '51 - LOS LIBERTADORES'. Zonas correctas: Zona 5, Zona 7"
902,51 - LOS LIBERTADORES,Zona 3,"Zona 5, Zona 7","CONFLICTO: Zona 'Zona 3' no corresponde a UPZ '51 - LOS LIBERTADORES'. Zonas correctas: Zona 5, Zona 7"
908,33 - SOSIEGO,Zona 1,Zona 6,CONFLICTO: Zona 'Zona 1' no corresponde a UPZ '33 - SOSIEGO'. Zonas correctas: Zona 6
924,51 - LOS LIBERTADORES,Zona 4,"Zona 5, Zona 7","CONFLICTO: Zona 'Zona 4' no corresponde a UPZ '51 - LOS LIBERTADORES'. Zonas correctas: Zona 5, Zona 7"
931,33 - SOSIEGO,Zona 2,Zona 6,CONFLICTO: Zona 'Zona 2' no corresponde a UPZ '33 - SOSIEGO'. Zonas correctas: Zona 6
940,32 - SAN BLAS,Zona 6,"Zona 1, Zona 2","CONFLICTO: Zona 'Zona 6' no corresponde a UPZ '32 - SAN BLAS'. Zonas correctas: Zona 1, Zona 2"
941,32 - SAN BLAS,Zona 6,"Zona 1, Zona 2","CONFLICTO: Zona 'Zona 6' no corresponde a UPZ '32 - SAN BLAS'. Zonas correctas: Zona 1, Zona 2"
947,51 - LOS LIBERTADORES,Zona 4,"Zona 5, Zona 7","CONFLICTO: Zona 'Zona 4' no corresponde a UPZ '51 - LOS LIBERTADORES'. Zonas correctas: Zona 5, Zona 7"
952,51 - LOS LIBERTADORES,Zona 6,"Zona 5, Zona 7","CONFLICTO: Zona 'Zona 6' no corresponde a UPZ '51 - LOS LIBERTADORES'. Zonas correctas: Zona 5, Zona 7"
954,33 - SOSIEGO,Zona 1,Zona 6,CONFLICTO: Zona 'Zona 1' no corresponde a UPZ '33 - SOSIEGO'. Zonas correctas: Zona 6
965,33 - SOSIEGO,Zona 4,Zona 6,CONFLICTO: Zona 'Zona 4' no corresponde a UPZ '33 - SOSIEGO'. Zonas correctas: Zona 6
973,34 - 20 DE JULIO,Zona 3,Zona 4,CONFLICTO: Zona 'Zona 3' no corresponde a UPZ '34 - 20 DE JULIO'. Zonas correctas: Zona 4
988,32 - SAN BLAS,Zona 6,"Zona 1, Zona 2","CONFLICTO: Zona 'Zona 6' no corresponde a UPZ '32 - SAN BLAS'. Zonas correctas: Zona 1, Zona 2"
989,32 - SAN BLAS,Zona 6,"Zona 1, Zona 2","CONFLICTO: Zona 'Zona 6' no corresponde a UPZ '32 - SAN BLAS'. Zonas correctas: Zona 1, Zona 2"
994,51 - LOS LIBERTADORES,Zona 4,"Zona 5, Zona 7","CONFLICTO: Zona 'Zona 4' no corresponde a UPZ '51 - LOS LIBERTADORES'. Zonas correctas: Zona 5, Zona 7"
998,51 - LOS LIBERTADORES,Zona 6,"Zona 5, Zona 7","CONFLICTO: Zona 'Zona 6' no corresponde a UPZ '51 - LOS LIBERTADORES'. Zonas correctas: Zona 5, Zona 7"
1014,50 - LA GLORIA,Zona 7,"Zona 3, Zona 8","CONFLICTO: Zona 'Zona 7' no corresponde a UPZ '50 - LA GLORIA'. Zonas correctas: Zona 3, Zona 8"
1015,51 - LOS LIBERTADORES,Zona 3,"Zona 5, Zona 7","CONFLICTO: Zona 'Zona 3' no corresponde a UPZ '51 - LOS LIBERTADORES'. Zonas correctas: Zona 5, Zona 7"
1020,34 - 20 DE JULIO,Zona 2,Zona 4,CONFLICTO: Zona 'Zona 2' no corresponde a UPZ '34 - 20 DE JULIO'. Zonas correctas: Zona 4
1022,34 - 20 DE JULIO,Zona 2,Zona 4,CONFLICTO: Zona 'Zona 2' no corresponde a UPZ '34 - 20 DE JULIO'. Zonas correctas: Zona 4
1025,51 - LOS LIBERTADORES,Zona 8,"Zona 5, Zona 7","CONFLICTO: Zona 'Zona 8' no corresponde a UPZ '51 - LOS LIBERTADORES'. Zonas correctas: Zona 5, Zona 7"
1029,50 - LA GLORIA,Zona 7,"Zona 3, Zona 8","CONFLICTO: Zona 'Zona 7' no corresponde a UPZ '50 - LA GLORIA'. Zonas correctas: Zona 3, Zona 8"
1030,51 - LOS LIBERTADORES,Zona 3,"Zona 5, Zona 7","CONFLICTO: Zona 'Zona 3' no corresponde a UPZ '51 - LOS LIBERTADORES'. Zonas correctas: Zona 5, Zona 7"
1037,34 - 20 DE JULIO,Zona 2,Zona 4,CONFLICTO: Zona 'Zona 2' no corresponde a UPZ '34 - 20 DE JULIO'. Zonas correctas: Zona 4
1040,34 - 20 DE JULIO,Zona 2,Zona 4,CONFLICTO: Zona 'Zona 2' no corresponde a UPZ '34 - 20 DE JULIO'. Zonas correctas: Zona 4
1048,50 - LA GLORIA,Zona 7,"Zona 3, Zona 8","CONFLICTO: Zona 'Zona 7' no corresponde a UPZ '50 - LA GLORIA'. Zonas correctas: Zona 3, Zona 8"
1049,51 - LOS LIBERTADORES,Zona 3,"Zona 5, Zona 7","CONFLICTO: Zona 'Zona 3' no corresponde a UPZ '51 - LOS LIBERTADORES'. Zonas correctas: Zona 5, Zona 7"
1057,34 - 20 DE JULIO,Zona 2,Zona 4,CONFLICTO: Zona 'Zona 2' no corresponde a UPZ '34 - 20 DE JULIO'. Zonas correctas: Zona 4
1064,50 - LA GLORIA,Zona 7,"Zona 3, Zona 8","CONFLICTO: Zona 'Zona 7' no corresponde a UPZ '50 - LA GLORIA'. Zonas correctas: Zona 3, Zona 8"
1065,51 - LOS LIBERTADORES,Zona 3,"Zona 5, Zona 7","CONFLICTO: Zona 'Zona 3' no corresponde a UPZ '51 - LOS LIBERTADORES'. Zonas correctas: Zona 5, Zona 7"
1078,50 - LA GLORIA,Zona 7,"Zona 3, Zona 8","CONFLICTO: Zona 'Zona 7' no corresponde a UPZ '50 - LA GLORIA'. Zonas correctas: Zona 3, Zona 8"
1079,51 - LOS LIBERTADORES,Zona 3,"Zona 5, Zona 7","CONFLICTO: Zona 'Zona 3' no corresponde a UPZ '51 - LOS LIBERTADORES'. Zonas correctas: Zona 5, Zona 7"
1086,34 - 20 DE JULIO,Zona 2,Zona 4,CONFLICTO: Zona 'Zona 2' no corresponde a UPZ '34 - 20 DE JULIO'. Zonas correctas: Zona 4
1095,50 - LA GLORIA,Zona 7,"Zona 3, Zona 8","CONFLICTO: Zona 'Zona 7' no corresponde a UPZ '50 - LA GLORIA'. Zonas correctas: Zona 3, Zona 8"
1096,51 - LOS LIBERTADORES,Zona 3,"Zona 5, Zona 7","CONFLICTO: Zona 'Zona 3' no corresponde a UPZ '51 - LOS LIBERTADORES'. Zonas correctas: Zona 5, Zona 7"
1103,34 - 20 DE JULIO,Zona 2,Zona 4,CONFLICTO: Zona 'Zona 2' no corresponde a UPZ '34 - 20 DE JULIO'. Zonas correctas: Zona 4
1109,50 - LA GLORIA,Zona 7,"Zona 3, Zona 8","CONFLICTO: Zona 'Zona 7' no corresponde a UPZ '50 - LA GLORIA'. Zonas correctas: Zona 3, Zona 8"
1110,51 - LOS LIBERTADORES,Zona 3,"Zona 5, Zona 7","CONFLICTO: Zona 'Zona 3' no corresponde a UPZ '51 - LOS LIBERTADORES'. Zonas correctas: Zona 5, Zona 7"
1118,34 - 20 DE JULIO,Zona 2,Zona 4,CONFLICTO: Zona 'Zona 2' no corresponde a UPZ '34 - 20 DE JULIO'. Zonas correctas: Zona 4
1125,51 - LOS LIBERTADORES,Zona 3,"Zona 5, Zona 7","CONFLICTO: Zona 'Zona 3' no corresponde a UPZ '51 - LOS LIBERTADORES'. Zonas correctas: Zona 5, Zona 7"
1130,34 - 20 DE JULIO,Zona 2,Zona 4,CONFLICTO: Zona 'Zona 2' no corresponde a UPZ '34 - 20 DE JULIO'. Zonas correctas: Zona 4
1134,50 - LA GLORIA,Zona 7,"Zona 3, Zona 8","CONFLICTO: Zona 'Zona 7' no corresponde a UPZ '50 - LA GLORIA'. Zonas correctas: Zona 3, Zona 8"
1135,51 - LOS LIBERTADORES,Zona 3,"Zona 5, Zona 7","CONFLICTO: Zona 'Zona 3' no corresponde a UPZ '51 - LOS LIBERTADORES'. Zonas correctas: Zona 5, Zona 7"
1136,32 - SAN BLAS,Zona 6,"Zona 1, Zona 2","CONFLICTO: Zona 'Zona 6' no corresponde a UPZ '32 - SAN BLAS'. Zonas correctas: Zona 1, Zona 2"
1140,34 - 20 DE JULIO,Zona 2,Zona 4,CONFLICTO: Zona 'Zona 2' no corresponde a UPZ '34 - 20 DE JULIO'. Zonas correctas: Zona 4
1144,50 - LA GLORIA,Zona 7,"Zona 3, Zona 8","CONFLICTO: Zona 'Zona 7' no corresponde a UPZ '50 - LA GLORIA'. Zonas correctas: Zona 3, Zona 8"
1145,51 - LOS LIBERTADORES,Zona 3,"Zona 5, Zona 7","CONFLICTO: Zona 'Zona 3' no corresponde a UPZ '51 - LOS LIBERTADORES'. Zonas correctas: Zona 5, Zona 7"
